Merchant,Branch,1st time users,Organic sum of spend,Sum of Comission,Sum of rewards,% of Net Reward,Net Reward,Net Win/Loss,Avg Reward,Total GMV,Free Trial Until
8Bit,Swanston Street,4073,$9.58,$0.00,"$3,412.02",2.07%,"-$3,412.02",-12.01%,12.12,"$28,404.08",31/07/18
Gotcha!,The Empire Gotcha,2961,$31.69,"$4,474.05","$8,929.40",5.42%,"-$4,455.35",-10.77%,21.68,"$41,355.66",âˆ…
CoCo Fresh Tea & Juice,Ultimo,1431,$11.69,$445.42,"$1,484.73",0.90%,"-$1,039.31",-7.00%,12.03,"$14,847.29",28/02/19
Gotcha!,59 Elizabeth Street,1339,$19.76,"$1,478.09","$2,953.64",1.79%,"-$1,475.55",-11.30%,22.6,"$13,056.43",âˆ…
Oh! Matcha,Regent Place,1337,$7.44,$494.79,$494.79,0.30%,$0.00,0.00%,10,"$6,776.15",âˆ…
CoCo Fresh Tea & Juice,Regent Place,1324,$8.51,$376.05,"$1,253.48",0.76%,-$877.43,-7.00%,15,"$12,534.85",28/02/19
Carte Crepes,The University of Melbourne,1255,$11.36,$412.20,$412.20,0.25%,$0.00,0.00%,10,"$4,122.05",âˆ…
Aqua S,QV Melbourne,1235,$8.10,$384.07,$384.07,0.23%,$0.00,0.00%,10,"$3,812.47",âˆ…
CoCo Fresh Tea & Juice,George Street,1150,$9.75,$265.64,$885.45,0.54%,-$619.81,-7.00%,10,"$8,854.53",28/02/19
CoCo Fresh Tea & Juice,Town Hall,1080,$10.44,$490.08,"$1,633.60",0.99%,"-$1,143.52",-7.00%,10,"$16,335.98",28/02/19
CoCo Fresh Tea & Juice,Broadway,633,$17.07,$296.72,$989.07,0.60%,-$692.35,-7.00%,12.06,"$9,890.70",28/02/19
CoCo Fresh Tea & Juice,Goulburn Street,629,$11.98,$180.06,$600.18,0.36%,-$420.12,-7.00%,26.46,"$6,001.84",28/02/19
CoCo Fresh Tea & Juice,Swanston Street,549,$31.67,$76.22,"$2,105.26",1.28%,"-$2,029.04",-13.65%,10,"$14,862.25",31/05/19
Gotcha!,Footscray,535,$20.22,"$1,529.67","$3,050.68",1.85%,"-$1,521.01",-11.02%,12.19,"$13,800.86",âˆ…
8Bit,Darling Square,512,$16.11,$0.00,$987.98,0.60%,-$987.98,-11.94%,10,"$8,272.80",04/08/18
Sharetea,George Street,504,$5.31,$223.82,$223.82,0.14%,$0.00,0.00%,20.14,"$2,238.24",03/02/19
Bubble Nini Tea,Chippendale,482,$15.57,$651.48,$651.48,0.40%,$0.00,0.00%,10,"$6,514.84",âˆ…
CoCo Fresh Tea & Juice,Market City,475,$18.09,$100.69,$791.24,0.48%,-$690.55,-8.73%,10,"$7,912.44",18/05/19
Gotcha!,Springvale,469,$21.85,$771.48,"$1,538.03",0.93%,-$766.55,-11.42%,15,"$6,714.71",âˆ…
Gotcha!,The Glen Shopping Centre,425,$22.91,$719.55,"$1,439.11",0.87%,-$719.56,-10.94%,12.11,"$6,575.04",âˆ…
CoCo Fresh Tea & Juice,Bourke Street,400,$26.71,$64.68,"$1,178.98",0.72%,"-$1,114.30",-13.38%,26.43,"$8,329.00",31/05/19
Messina,Bondi,367,$2.31,$139.73,$139.73,0.08%,$0.00,0.00%,11.34,"$1,397.30",30/11/18
Oh! Matcha,World Square,334,$8.96,$188.83,$188.83,0.11%,$0.00,0.00%,10,"$2,516.02",âˆ…
Messina,Circular Quay,322,$4.87,$336.53,$336.53,0.20%,$0.00,0.00%,15,"$3,365.30",30/11/18
Castro's Kiosk,The University of Melbourne,317,$11.07,$150.69,$339.70,0.21%,-$189.01,-5.56%,15,"$3,397.01",18/05/19
CoCo Fresh Tea & Juice,Box Hill,292,$17.40,$41.13,"$1,005.66",0.61%,-$964.53,-13.66%,15,"$7,062.90",31/05/19
Sharetea,Westfield Doncaster,271,$9.45,$196.64,$196.64,0.12%,$0.00,0.00%,10,"$1,966.41",03/02/19
L' Burger,Hawthorn,267,$10.65,$374.94,$374.94,0.23%,$0.00,0.00%,25,"$1,874.70",âˆ…
8Bit,Footscray,260,$15.90,$0.00,$611.62,0.37%,-$611.62,-12.14%,10,"$5,038.40",31/07/18
Blackball,Carlton,260,$39.13,$605.34,$605.34,0.37%,$0.00,0.00%,10,"$6,053.37",âˆ…
Gotcha!,South Yarra,258,$23.58,$735.17,"$1,468.84",0.89%,-$733.67,-10.69%,21.6,"$6,861.38",âˆ…
New Shanghai,Chatswood Chase,239,$58.64,$0.00,"$1,482.46",0.90%,"-$1,482.46",-10.00%,10,"$14,824.63",30/06/19
CoCo Fresh Tea & Juice,Footscray,226,$16.53,$8.78,$667.68,0.41%,-$658.90,-14.05%,22,"$4,689.80",31/05/19
Ramen Zundo,World Square Shopping Centre,226,$47.02,$628.62,$628.62,0.38%,$0.00,0.00%,25.6,"$6,286.23",28/02/19
Messina,Newtown,209,$3.36,$165.29,$165.29,0.10%,$0.00,0.00%,10,"$1,652.90",30/11/18
Aqua S,Westfield Chatswood,206,$4.00,$25.51,$25.51,0.02%,$0.00,0.00%,15,$255.10,âˆ…
Lanzhou Beef Noodle Bar,Swanston Street,206,$38.51,$0.00,"$1,723.01",1.05%,"-$1,723.01",-14.83%,15.07,"$11,615.70",31/12/19
Aqua S,Regent Place Shopping Centre,192,$5.50,$85.23,$85.23,0.05%,$0.00,0.00%,25,$852.35,âˆ…
CoCo Fresh Tea & Juice,Springvale,179,$24.71,$16.18,$616.76,0.37%,-$600.58,-13.92%,12.21,"$4,314.60",31/05/19
Sharetea,Macquarie Center,173,$6.14,$94.30,$94.30,0.06%,$0.00,0.00%,25,$943.00,03/02/19
Messina,Surry Hills,170,$3.59,$169.05,$169.05,0.10%,$0.00,0.00%,25,"$1,690.50",30/11/18
Baretto Espresso Bar,The University of Melbourne,170,$14.05,$79.95,$164.06,0.10%,-$84.11,-5.20%,10.14,"$1,618.64",18/05/19
CoCo Fresh Tea & Juice,Westfield Liverpool,164,$6.71,$60.42,$201.38,0.12%,-$140.96,-7.00%,25,"$2,013.85",28/02/19
Basax Korean,Haymarket,156,$19.55,$386.38,$386.38,0.23%,$0.00,0.00%,8.51,"$4,267.75",âˆ…
New Shanghai,Chadstone Shopping Centre,153,$68.58,$0.00,"$1,978.42",1.20%,"-$1,978.42",-9.97%,10,"$19,833.87",30/04/19
Dragon Hot Pot,"Kingsway, Glen Waverley",147,$91.79,$0.00,"$3,102.41",1.88%,"-$3,102.41",-12.02%,22.12,"$25,804.23",31/12/19
Sharetea,Springvale,143,$27.15,$372.69,$372.69,0.23%,$0.00,0.00%,15,"$3,726.90",03/02/19
Dragon Hot Pot,Swanston Street,137,$113.27,$0.00,"$3,829.15",2.32%,"-$3,829.15",-12.12%,12.23,"$31,600.05",31/12/19
Din Tai Fung,Emporium Shopping Centre,136,$82.46,$0.00,"$2,135.84",1.30%,"-$2,135.84",-9.76%,14.34,"$21,876.95",30/06/19
Messina,Parramatta,135,$5.59,$99.36,$99.36,0.06%,$0.00,0.00%,30,$993.60,30/11/18
New Shanghai,Westfield Sydney,133,$71.74,$0.00,"$1,643.38",1.00%,"-$1,643.38",-9.92%,10,"$16,564.34",30/04/19
Sharetea,Melbourne CBD,133,$39.52,$423.88,$423.88,0.26%,$0.00,0.00%,10,"$4,238.80",03/02/19
Sushi Rap,Regent Place,132,$12.53,$0.00,$161.70,0.10%,-$161.70,-10.00%,10,"$1,617.01",âˆ…
Ajisen Ramen,Sydney,128,$21.22,$310.71,$310.71,0.19%,$0.00,0.00%,10.06,"$2,071.37",âˆ…
Messina,Fitzroy,127,$11.00,$165.68,$165.68,0.10%,$0.00,0.00%,10,"$1,656.80",30/11/18
Nama,Sydney,127,$18.34,$401.69,$401.69,0.24%,$0.00,0.00%,10,"$2,500.70",30/09/18
Mad Mex,Central Station,126,$4.71,$223.76,$223.76,0.14%,$0.00,0.00%,10,"$1,491.74",31/08/18
Ajisen Ramen,Bourke Street,121,$34.12,$79.86,$53.24,0.03%,$26.62,5.00%,6.76,$532.40,31/08/18
BL Burgers,Darlinghurst,120,$8.98,$0.00,$198.95,0.12%,-$198.95,-10.00%,10,"$1,989.50",31/08/19
CoCo Fresh Tea & Juice,Waterloo,120,$16.30,$104.55,$348.51,0.21%,-$243.96,-7.00%,15,"$3,485.09",âˆ…
Sharetea,UNSW,115,$4.60,$28.71,$28.71,0.02%,$0.00,0.00%,10,$287.10,03/02/19
Messina,Darlinghurst,107,$7.16,$128.23,$128.23,0.08%,$0.00,0.00%,10,"$1,282.30",30/11/18
Burger Project,Broadway Shopping Centre,107,$10.65,$0.00,$324.68,0.20%,-$324.68,-15.00%,10,"$2,164.55",12/10/19
Burger Project,Bondi Junction,103,$4.90,$0.00,$184.69,0.11%,-$184.69,-15.00%,10,"$1,231.30",12/10/19
Piccolo Me,Macquarie Street,101,$5.35,$101.67,$101.67,0.06%,$0.00,0.00%,30,$677.80,31/10/18
Messina,Richmond,97,$15.91,$108.39,$108.39,0.07%,$0.00,0.00%,10,"$1,083.90",30/11/18
Dragon Hot Pot,Elizabeth Street,97,$131.82,$0.00,"$3,056.71",1.86%,"-$3,056.71",-12.12%,12.22,"$25,212.10",31/12/19
Mad Mex,Darlinghurst,93,$2.86,$76.95,$76.95,0.05%,$0.00,0.00%,25,$513.00,12/01/19
Mad Mex,Bourke Street,93,$5.18,$83.63,$83.63,0.05%,$0.00,0.00%,15,$557.50,31/08/18
Kurtosh,Crows Nest,91,$12.05,$139.51,$139.51,0.08%,$0.00,0.00%,25,"$1,231.41",13/10/18
Porta Via,The University of Melbourne,89,$18.91,$602.90,$651.37,0.40%,-$48.47,-1.06%,14.22,"$4,574.90",âˆ…
Messina,Windsor,87,$18.56,$126.83,$126.83,0.08%,$0.00,0.00%,10,"$1,268.30",30/11/18
Gotcha!,Parkmore Shopping Centre,85,$16.64,$323.18,$641.95,0.39%,-$318.77,-10.97%,20,"$2,906.35",âˆ…
YiFang Taiwan Fruit Tea,Burwood,83,$5.89,$256.95,$256.95,0.16%,$0.00,0.00%,10,"$2,569.52",âˆ…
Messina,The Star,83,$17.78,$84.58,$84.58,0.05%,$0.00,0.00%,15,$845.80,30/11/18
Burger Project,St Collins Lane,83,$11.11,$0.00,$331.93,0.20%,-$331.93,-15.00%,15.05,"$2,212.86",12/10/19
Din Tai Fung,Westfield Chatswood,83,$80.46,$0.00,"$1,619.34",0.98%,"-$1,619.34",-14.75%,22.9,"$10,976.01",30/06/19
YiFang Taiwan Fruit Tea,Eastwood,82,$12.69,$161.90,$161.90,0.10%,$0.00,0.00%,20,"$1,619.00",âˆ…
Messina,Tramsheds,80,$8.20,$88.03,$88.03,0.05%,$0.00,0.00%,10,$880.30,30/11/18
Dragon Hot Pot,Russell Street,78,$104.84,$0.00,"$1,384.61",0.84%,"-$1,384.61",-11.95%,20.12,"$11,590.01",31/12/19
Lanzhou Beef Noodle Bar,Elizabeth Street,77,$53.23,$0.00,"$2,270.97",1.38%,"-$2,270.97",-17.02%,17.47,"$13,339.90",31/12/19
Burger Project,World Square Shopping Centre,76,$8.27,$0.00,$338.56,0.21%,-$338.56,-15.00%,15,"$2,257.10",12/10/19
Mad Mex,Sydney Central Plaza,74,$10.69,$256.94,$256.94,0.16%,$0.00,0.00%,10,"$1,712.95",31/08/18
Mad Mex,Chadstone Shopping Centre,72,$12.37,$163.13,$163.13,0.10%,$0.00,0.00%,10,"$1,087.51",31/08/18
DoDee Paidang Thai,Melbourne CBD,71,$172.72,$0.00,"$3,827.15",2.32%,"-$3,827.15",-9.50%,10,"$40,291.01",24/08/19
Award Kitchen,Sydney,71,$16.27,$303.14,$303.14,0.18%,$0.00,0.00%,25,"$3,096.20",âˆ…
NeNe Chicken,410 Elizabeth Street,70,$41.16,$832.65,"$1,248.97",0.76%,-$416.32,-5.00%,14.99,"$8,326.49",23/05/18
Burger Project,MLC Martin Place,69,$5.52,$0.00,$168.18,0.10%,-$168.18,-15.00%,15,"$1,121.19",12/10/19
Mai Viet,Redfern,69,$15.00,$122.40,$122.40,0.07%,$0.00,0.00%,10.81,"$1,223.97",30/09/18
DoDee Paidang Thai,Haymarket,69,$43.69,$0.00,"$1,645.37",1.00%,"-$1,645.37",-10.00%,10,"$16,460.89",30/09/19
Granny Wolf BBQ,Chippendale,68,$5.79,$84.35,$84.35,0.05%,$0.00,0.00%,25,$843.50,âˆ…
Oliver Brown Cafe,Eastland Shopping Centre,66,$14.97,$61.91,$61.91,0.04%,$0.00,0.00%,25,$412.70,âˆ…
Ajisen Ramen,Highpoint Shopping Centre,66,$68.63,$776.57,$517.71,0.31%,$258.86,5.00%,10,"$5,177.10",31/08/18
The Dessert Kitchen,Melbourne CBD,66,$38.54,$458.27,$458.27,0.28%,$0.00,0.00%,15,"$3,055.15",âˆ…
New Shanghai,Ashfield,65,$60.58,$0.00,$685.47,0.42%,-$685.47,-10.00%,14.26,"$6,854.65",30/06/19
Din Tai Fung,Broadway Shopping Centre,62,$30.19,$0.00,$513.13,0.31%,-$513.13,-15.00%,15,"$3,420.85",30/06/19
Messina,Rosebery,62,$18.21,$127.44,$127.44,0.08%,$0.00,0.00%,15,"$1,274.40",30/11/18
Din Tai Fung,World Square Shopping Centre,59,$100.42,$0.00,"$1,465.35",0.89%,"-$1,465.35",-14.15%,21.85,"$10,353.55",30/06/19
Gotcha,Haymarket,58,$4.67,$131.22,$279.03,0.17%,-$147.81,-8.45%,15,"$1,749.54",âˆ…
Mad Mex,Randwick,58,$4.97,$89.55,$89.55,0.05%,$0.00,0.00%,15,$596.98,31/08/18
Blackball,Clayton,56,$34.25,$211.42,$211.42,0.13%,$0.00,0.00%,10,"$2,114.20",âˆ…
Burger Project,Bourke Street,54,$11.91,$0.00,$310.94,0.19%,-$310.94,-15.00%,15,"$2,072.90",12/10/19
Blackball,Chinatown,53,$31.39,$394.44,$394.44,0.24%,$0.00,0.00%,15,"$3,944.40",âˆ…
Sharetea,Clayton,53,$29.28,$231.92,$231.92,0.14%,$0.00,0.00%,20,"$2,319.20",31/03/19
YiFang Taiwan Fruit Tea,Cabramatta,49,$7.87,$68.05,$68.05,0.04%,$0.00,0.00%,25,$680.50,âˆ…
New Shanghai,Emporium,49,$72.51,$0.00,"$1,846.53",1.12%,"-$1,846.53",-9.49%,10,"$19,451.43",30/04/19
Burger Project,Circular Quay,47,$7.03,$0.00,$284.88,0.17%,-$284.88,-15.00%,13.82,"$1,899.17",12/10/19
Roll'd,Bondi Junction,47,$25.58,$145.31,$145.31,0.09%,$0.00,0.00%,10,$968.70,14/05/18
Kusuka,Sydney,47,$66.03,$341.32,$341.32,0.21%,$0.00,0.00%,15,"$2,275.45",22/12/18
Din Tai Fung,Central Park Mall,45,$78.47,$0.00,"$1,018.40",0.62%,"-$1,018.40",-14.88%,14.4,"$6,843.80",30/06/19
Lanzhou Beef Noodle Bar,The Glen Shopping Centre,44,$60.06,$0.00,"$1,257.64",0.76%,"-$1,257.64",-14.49%,15,"$8,677.00",31/12/19
Ajisen Ramen,Werribee,44,$28.51,$294.29,$196.19,0.12%,$98.10,5.00%,10,"$1,961.90",31/08/18
Burger Project,Chadstone Shopping Centre,43,$16.64,$0.00,$270.03,0.16%,-$270.03,-15.00%,18.53,"$1,800.19",12/10/19
Killiney Kopitiam,Carlton,43,$17.40,$126.51,$126.51,0.08%,$0.00,0.00%,10,"$1,265.10",âˆ…
Roll'd,Parramatta,43,$7.54,$44.48,$44.48,0.03%,$0.00,0.00%,19.44,$296.50,14/05/18
YiFang Taiwan Fruit Tea,Chatswood,42,$17.35,$215.21,$215.21,0.13%,$0.00,0.00%,15,"$2,152.10",âˆ…
Killiney Kopitiam,Melbourne CBD,42,$57.72,$242.52,$242.52,0.15%,$0.00,0.00%,20.68,"$2,425.20",âˆ…
Bowie Espresso Cafe,Sydney,42,$12.48,$134.48,$134.48,0.08%,$0.00,0.00%,10,$896.53,âˆ…
Fratelli Fresh,Alexandria,41,$86.84,$244.66,$230.09,0.14%,$14.57,0.89%,15,"$1,631.10",30/11/18
Din Tai Fung,Miranda,41,$60.64,$0.00,$465.48,0.28%,-$465.48,-15.00%,15,"$3,103.17",30/06/19
Roll'd,Sydney Central Plaza,40,$13.99,$180.38,$180.38,0.11%,$0.00,0.00%,20,"$1,202.50",âˆ…
Mad Mex,MET Centre,39,$19.15,$204.88,$204.88,0.12%,$0.00,0.00%,15,"$1,365.90",31/07/18
The Pie Tin,Newtown,39,$18.47,$83.92,$83.92,0.05%,$0.00,0.00%,10,$559.50,22/12/18
Sexy Tea,Burwood,38,$9.37,$36.71,$36.71,0.02%,$0.00,0.00%,15,$367.13,âˆ…
Sharetea,Box Hill Shopping Centre,37,$12.64,$127.56,$127.56,0.08%,$0.00,0.00%,10,"$1,275.59",28/02/19
Mad Mex,Harbourside,37,$9.77,$151.19,$151.19,0.09%,$0.00,0.00%,10,"$1,007.96",31/08/18
Da Long Yi Hot Pot,Melbourne CBD,36,$233.22,"$1,220.77","$1,805.06",1.10%,-$584.29,-4.79%,24.89,"$12,207.70",âˆ…
Sexy Tea,Haymarket,34,$11.73,$41.90,$41.90,0.03%,$0.00,0.00%,15,$419.00,âˆ…
Roll'd,Southern Cross Lane,33,$33.65,$100.48,$100.48,0.06%,$0.00,0.00%,15,$669.85,30/06/18
Pho Gia Hoi,Sydney,33,$84.87,$169.25,$338.50,0.21%,-$169.25,-5.00%,10,"$3,385.00",âˆ…
Shanghai Dragon Dumpling House,CBD,32,$106.17,"$1,670.69","$1,342.80",0.82%,$327.89,4.91%,13.53,"$6,682.78",âˆ…
Ajisen Ramen,Epping,32,$78.95,$378.63,$252.42,0.15%,$126.21,5.00%,11.93,"$2,524.20",31/12/18
Ho Jiak,Haymarket,32,$215.97,$0.00,"$1,259.30",0.76%,"-$1,259.30",-12.11%,10,"$10,395.00",30/06/19
Oppa Kitchen,Melbourne CBD,31,$106.96,$425.86,$425.86,0.26%,$0.00,0.00%,10,"$4,258.60",28/02/19
NeNe Chicken,Melbourne Central,31,$83.85,$344.30,$516.44,0.31%,-$172.14,-5.00%,15,"$3,442.95",15/04/18
Sharetea,Highpoint Shopping Centre,31,$17.27,$83.95,$83.95,0.05%,$0.00,0.00%,10,$839.51,03/02/19
MC Dumpling,Footscray,31,$54.80,$231.47,$154.31,0.09%,$77.16,5.00%,10,"$1,543.14",âˆ…
Raan Kan Eang,Melbourne,30,$122.99,"$3,104.38","$2,474.80",1.50%,$629.58,5.07%,20,"$12,417.50",âˆ…
CoCo Fresh Tea & Juice,Bondi Junction,30,$6.72,$35.58,$118.60,0.07%,-$83.02,-7.00%,20,"$1,186.00",âˆ…
Dragon Hot Pot,QV Centre,30,$125.43,$0.00,"$1,507.83",0.92%,"-$1,507.83",-12.02%,10,"$12,540.58",31/12/19
Sharetea,Carnegie,30,$68.28,$179.01,$179.01,0.11%,$0.00,0.00%,15,"$1,790.06",31/03/19
Chapayom,Sydney,29,$23.99,$143.51,$143.51,0.09%,$0.00,0.00%,10,"$1,435.15",âˆ…
Ajisen Ramen,"Kingsway, Glen Waverley",29,$27.86,$379.04,$252.69,0.15%,$126.35,5.00%,15,"$2,526.90",âˆ…
D' Elephant Thai,"Kingsway, Glen Waverley",29,$97.86,$529.10,$529.10,0.32%,$0.00,0.00%,10,"$5,291.00",31/01/19
Kameya,The Rocks,28,$65.22,$160.77,$160.77,0.10%,$0.00,0.00%,10,"$1,607.70",âˆ…
Din Tai Fung,The Star,28,$37.75,$0.00,$383.72,0.23%,-$383.72,-15.00%,10,"$2,558.15",30/06/19
Mad Mex,Highpoint,28,$7.20,$51.77,$51.77,0.03%,$0.00,0.00%,15,$345.10,31/08/18
Roll'd,MET Centre,27,$64.24,$199.00,$199.00,0.12%,$0.00,0.00%,25,"$1,326.70",04/06/18
Ichi-ban Boshi,The Galeries,27,$57.23,$16.91,$415.85,0.25%,-$398.94,-9.59%,10,"$4,158.51",31/05/19
Aunty Franklee,Melbourne CBD,27,$83.90,$408.67,$408.67,0.25%,$0.00,0.00%,10,"$4,086.70",âˆ…
Lanzhou Beef Noodle Bar,South Yarra,26,$51.52,$0.00,$855.29,0.52%,-$855.29,-15.12%,15.38,"$5,657.90",31/12/19
Laksa Bar,CBD,26,$44.11,$956.65,$765.32,0.46%,$191.33,5.00%,20,"$3,826.59",âˆ…
CoCo Fresh Tea & Juice,Collins Street,26,$5.34,$0.00,$525.10,0.32%,-$525.10,-14.01%,14.17,"$3,747.70",01/08/19
NeNe Chicken,Box Hill,25,$48.75,$220.31,$330.46,0.20%,-$110.15,-5.00%,15,"$2,203.05",15/04/18
Ho Jiak,Strathfield,24,$89.56,$0.00,$273.38,0.17%,-$273.38,-14.04%,15,"$1,947.70",30/06/19
Din Tai Fung,Greenwood Plaza,24,$39.79,$0.00,$165.68,0.10%,-$165.68,-15.00%,20.13,"$1,104.50",30/06/19
NeNe Chicken,Chadstone Shopping Centre,24,$40.80,$305.69,$458.53,0.28%,-$152.84,-5.00%,15,"$3,056.85",23/05/18
Din Tai Fung,Gateway,24,$84.11,$0.00,$391.89,0.24%,-$391.89,-15.00%,10,"$2,612.60",30/06/19
Roll'd,Eastland,24,$2.95,$48.77,$48.77,0.03%,$0.00,0.00%,25,$325.10,14/05/18
House of Kebabs,Melbourne CBD,23,$7.72,$127.88,$95.91,0.06%,$31.97,5.00%,10,$639.40,âˆ…
Fratelli Fresh,Darling Harbour,23,$25.37,$549.25,$516.35,0.31%,$32.90,0.90%,15,"$3,661.67",31/10/18
Mad Mex,Winter Garden,23,$5.22,$81.65,$81.65,0.05%,$0.00,0.00%,15,$544.31,31/08/18
Edition Coffee Roasters,Haymarket,22,$82.93,$576.88,$576.88,0.35%,$0.00,0.00%,9.38,"$6,676.65",30/09/18
Sharetea,Hawthorn,22,$43.30,$169.33,$169.33,0.10%,$0.00,0.00%,10,"$1,693.26",31/03/19
Sharetea,Zetland,22,$2.96,$75.79,$75.79,0.05%,$0.00,0.00%,15,$757.90,03/02/19
YiFang Taiwan Fruit Tea,Sydney,22,$50.58,$276.37,$276.37,0.17%,$0.00,0.00%,10,"$2,763.66",âˆ…
Roll'd,Barkly Square,21,$3.34,$3.94,$3.94,0.00%,$0.00,0.00%,15,$26.30,14/05/18
Roll'd,Northland,21,$12.30,$43.63,$43.63,0.03%,$0.00,0.00%,15,$290.90,âˆ…
Laksa King,Flemington,21,$49.18,$0.00,$447.15,0.27%,-$447.15,-10.00%,25,"$4,471.55",âˆ…
Tuan Tuan,Carlton,21,$127.50,$642.03,$642.03,0.39%,$0.00,0.00%,10,"$6,420.30",31/01/19
YiFang Taiwan Fruit Tea,Melbourne CBD,20,$15.90,$211.24,$211.24,0.13%,$0.00,0.00%,19.71,"$2,112.36",âˆ…
PappaRich,Macquarie,20,$66.69,$723.45,$482.30,0.29%,$241.15,5.00%,7.21,"$4,823.00",10/08/18
Calia,Melbourne CBD,20,$99.55,$0.00,"$2,636.93",1.60%,"-$2,636.93",-19.91%,20,"$13,244.47",âˆ…
Ajisen Ramen,Chadstone Shopping Centre,20,$37.91,$270.11,$180.07,0.11%,$90.04,5.00%,22.42,"$1,800.70",31/12/18
Enjoy Cafe by Enjoy Mie,Sydney,20,$126.17,$389.64,$389.64,0.24%,$0.00,0.00%,10.07,"$3,896.45",âˆ…
Roll'd,Victoria Gardens,19,$8.63,$83.99,$83.99,0.05%,$0.00,0.00%,10,$559.91,âˆ…
Royal Stacks,Melbourne CBD,19,$73.76,$228.59,$228.59,0.14%,$0.00,0.00%,15,"$1,523.90",31/10/18
Queensberry Hotel,Carlton,18,$82.61,$75.05,$75.05,0.05%,$0.00,0.00%,15,$750.50,âˆ…
Au79 Cafe,Abbotsford,18,$113.12,$605.25,$605.25,0.37%,$0.00,0.00%,15,"$4,035.00",âˆ…
Mad Mex,Zetland,18,$46.10,$125.33,$125.33,0.08%,$0.00,0.00%,10,$835.50,22/09/18
PappaRich,Westfield Pitt Street,18,$60.72,$85.31,$56.87,0.03%,$28.44,5.00%,25,$568.70,23/03/19
Pablo and Rusty's,Sydney,18,$32.57,$0.00,$269.90,0.16%,-$269.90,-19.35%,15,"$1,394.85",30/09/19
Fratelli Fresh,Bridge Street,18,$41.34,$143.46,$143.46,0.09%,$0.00,0.00%,10,$956.40,30/11/18
Roll'd,Chifley,17,$36.85,$82.09,$82.09,0.05%,$0.00,0.00%,15,$547.30,14/05/18
Ajisen Ramen,Eastland Shopping Centre,17,$72.90,$252.38,$168.25,0.10%,$84.13,5.00%,10,"$1,682.55",âˆ…
Sam Sam Chicken,Melbourne CBD,17,$121.73,$504.20,$504.20,0.31%,$0.00,0.00%,10,"$5,042.04",28/02/19
Meet Fresh,Chinatown,16,$22.29,$317.47,$317.47,0.19%,$0.00,0.00%,25,"$3,174.70",13/04/19
Cafe Miiso,Glebe,16,$18.24,$70.00,$70.00,0.04%,$0.00,0.00%,10,$466.70,âˆ…
Roll'd,Gateway Sydney,16,$21.58,$121.19,$121.19,0.07%,$0.00,0.00%,11.25,$807.90,âˆ…
Sharetea,Eastland Shopping Centre,16,$10.41,$83.27,$83.27,0.05%,$0.00,0.00%,10,$832.70,03/02/19
Ajisen Ramen,Knox O-Zone,15,$102.64,$276.15,$184.10,0.11%,$92.05,5.00%,10,"$1,841.00",31/12/18
Danjee Korean BBQ,Sydney,15,$95.36,$123.10,$919.70,0.56%,-$796.60,-11.40%,21.52,"$6,990.00",25/05/19
D' Elephant Thai,Chadstone Shopping Centre,15,$138.15,$402.50,$402.50,0.24%,$0.00,0.00%,25,"$4,024.96",31/01/19
Banh and Butter,Sydney,15,$18.73,$89.13,$89.13,0.05%,$0.00,0.00%,20,$594.20,15/09/18
Calia,Chadstone Shopping Centre,14,$120.12,$0.00,"$2,307.99",1.40%,"-$2,307.99",-17.90%,20,"$12,896.16",âˆ…
PappaRich,Melbourne CBD,14,$26.22,$155.28,$103.52,0.06%,$51.76,5.00%,15,"$1,035.22",31/08/18
Roll'd,Australia Square,14,$4.36,$49.84,$49.84,0.03%,$0.00,0.00%,15,$332.30,14/05/18
Lord of the Fries,Corner Elizabeth & Flinders Street,14,$21.19,$149.78,$119.82,0.07%,$29.96,5.00%,10,$599.10,âˆ…
Ajisen Ramen,Westfield Southland,14,$5.07,$85.11,$56.74,0.03%,$28.37,5.00%,10,$567.40,31/12/18
The Poke Man,Melbourne CBD,14,$74.32,$209.59,$209.59,0.13%,$0.00,0.00%,25,"$1,397.30",30/06/18
Nutrition Station,Doncaster,13,$4.01,$25.88,$19.41,0.01%,$6.47,5.00%,15,$129.40,âˆ…
Piccolo Me,Spencer Street,13,$12.60,$36.88,$36.88,0.02%,$0.00,0.00%,20,$245.85,31/10/18
RivaReno Gelato,Barangaroo,12,$37.04,$150.15,$150.15,0.09%,$0.00,0.00%,15,"$1,001.00",19/01/19
Two Sticks,Barangaroo,11,$79.70,$503.68,$377.76,0.23%,$125.92,5.00%,15,"$2,518.40",âˆ…
Piccolo Me,Castlereagh Street,11,$24.12,$82.06,$82.06,0.05%,$0.00,0.00%,25,$547.10,31/10/18
QQ Tea,Parramatta,11,$18.89,$40.61,$40.61,0.02%,$0.00,0.00%,10,$406.10,âˆ…
B'cos Brazil,Melbourne CBD,11,$42.20,$305.23,$303.23,0.18%,$2.00,0.16%,19.47,"$1,220.90",31/03/19
Mamak,Chatswood,11,$67.90,$0.00,$560.95,0.34%,-$560.95,-22.82%,24.25,"$2,458.00",30/06/19
Coco Cubano,Kensington UNSW,11,$8.35,$94.39,$94.39,0.06%,$0.00,0.00%,15,$629.30,27/06/18
Roll'd,O'Connell Street,11,$13.80,$144.32,$144.32,0.09%,$0.00,0.00%,15,$962.15,23/06/18
Ajisen Ramen,Hawthorn,11,$11.08,$78.24,$52.16,0.03%,$26.08,5.00%,10,$521.60,âˆ…
Chongqing Street Noodle,Chatswood,10,$47.27,$67.67,$67.67,0.04%,$0.00,0.00%,10,"$1,353.50",âˆ…
SumoSalad,Chadstone Shopping Centre,10,$32.33,$106.53,$106.53,0.06%,$0.00,0.00%,10,$710.20,âˆ…
NeNe Chicken,Highpoint,10,$75.38,$245.32,$367.99,0.22%,-$122.67,-5.00%,10,"$2,453.25",23/05/18
Ricefields,Steam Mill Lane,10,$69.10,$202.66,$202.66,0.12%,$0.00,0.00%,15,"$1,351.10",17/11/18
Kurtosh,Randwick,10,$14.00,$94.71,$94.71,0.06%,$0.00,0.00%,10,$885.15,13/10/18
PappaRich,Knox O-Zone,10,$35.42,$391.08,$260.72,0.16%,$130.36,5.00%,6.17,"$2,607.20",31/08/18
Dragon Hot Pot,Box Hill,10,$71.07,$0.00,$241.59,0.15%,-$241.59,-11.96%,15,"$2,019.62",31/12/19
Bawa Cafe,Hawthorn,9,$58.37,$179.22,$168.44,0.10%,$10.78,1.18%,12.25,$914.46,31/03/19
Black Label,Grosvenor Place,9,$4.83,$0.00,$95.58,0.06%,-$95.58,-15.00%,15,$637.20,12/10/19
Blackball,Burwood,9,$31.19,$171.63,$171.63,0.10%,$0.00,0.00%,15,"$1,716.30",âˆ…
Mr Crackles,Darlinghurst,9,$23.28,$92.68,$92.68,0.06%,$0.00,0.00%,15,$617.87,22/12/18
BBQ 1988,Glen Waverley,9,$103.11,$395.15,$711.00,0.43%,-$315.85,-8.49%,10,"$3,720.00",âˆ…
PappaRich,Northland Shopping Centre,9,$78.94,$205.10,$136.73,0.08%,$68.37,5.00%,40,"$1,367.33",28/02/19
Lord of the Fries,Central Station,9,$32.46,$20.18,$20.18,0.01%,$0.00,0.00%,16.67,$403.50,31/12/18
Fratelli Fresh,Westfield Sydney CBD,9,$100.73,$153.30,$152.35,0.09%,$0.95,0.09%,20,"$1,022.00",30/11/18
Thirsty Bird,Potts Point,8,$20.63,$47.45,$47.45,0.03%,$0.00,0.00%,10,$474.50,30/09/18
Eat Fuh,Marrickville,8,$140.88,$428.75,$391.50,0.24%,$37.25,2.17%,20,"$1,715.00",âˆ…
TNS Coffee Project,Chippendale,8,$49.36,$14.99,$25.91,0.02%,-$10.92,-4.45%,15,$245.50,âˆ…
La Lucha,Sydney,8,$41.61,$173.24,$173.24,0.11%,$0.00,0.00%,10,"$1,460.61",âˆ…
Roti Bar,Melbourne,8,$174.49,$353.00,$624.44,0.38%,-$271.44,-7.69%,10,"$3,529.98",âˆ…
Happy Lemon,Swanston Street,8,$13.64,$0.00,$636.65,0.39%,-$636.65,-25.73%,20,"$2,474.20",âˆ…
Mai Viet,Central Park,8,$23.29,$83.98,$83.98,0.05%,$0.00,0.00%,15,$839.80,30/09/18
Saigon Summer,Ashfield Mall,8,$8.11,$10.04,$10.04,0.01%,$0.00,0.00%,10,$125.60,âˆ…
Bababoi,Docklands,8,$77.50,$33.02,$33.02,0.02%,$0.00,0.00%,22,$330.20,âˆ…
New York Minute Burgers,Carlton,8,$65.42,$68.36,$68.36,0.04%,$0.00,0.00%,10,$455.70,âˆ…
The Caffeine Project,Chippendale,8,$143.02,$36.70,$71.20,0.04%,-$34.50,-4.92%,15,$701.00,âˆ…
White Mojo,Melbourne,7,$82.06,$0.00,"$1,915.90",1.16%,"-$1,915.90",-20.74%,28.38,"$9,239.50",âˆ…
Mamak,Melbourne CBD,7,$84.97,$0.00,"$1,790.50",1.09%,"-$1,790.50",-23.65%,20,"$7,571.92",30/06/19
D'Tandoor,Hawthorn,7,$26.76,$30.10,$22.57,0.01%,$7.53,5.00%,15,$150.50,âˆ…
Crafty Cuts,Sydney Central Plaza,7,$39.51,$222.01,$222.01,0.13%,$0.00,0.00%,15,"$1,480.10",30/09/18
Kurtosh,Surry Hills,7,$35.51,$66.50,$66.50,0.04%,$0.00,0.00%,15,$598.83,13/10/18
RivaReno Gelato,Darlinghurst,7,$27.31,$62.83,$62.83,0.04%,$0.00,0.00%,10,$418.86,19/01/19
NeNe Chicken,The Glen Shopping Centre,7,$75.89,$195.96,$293.94,0.18%,-$97.98,-5.00%,15,"$1,959.60",20/10/18
Meat District Co,Darling Harbour,7,$171.36,$208.72,$204.10,0.12%,$4.62,0.55%,10,$834.90,30/09/18
Tontaro Ramen,Sydney,7,$36.86,$469.81,$469.81,0.29%,$0.00,0.00%,15,"$3,132.10",âˆ…
SumoSalad,Broadway,7,$33.74,$86.99,$86.99,0.05%,$0.00,0.00%,10,$579.95,âˆ…
Ramen Zundo,Chatswood,7,$22.50,$0.00,$92.81,0.06%,-$92.81,-10.00%,10.9,$928.13,13/07/19
SumoSalad,Chippendale,7,$159.53,$179.14,$179.14,0.11%,$0.00,0.00%,20,"$1,194.25",âˆ…
Lord of the Fries,George Street,7,$23.33,$39.70,$39.70,0.02%,$0.00,0.00%,15,$793.95,31/12/18
Yu Kitchen,Chadstone Shopping Centre,6,$274.36,$0.00,$641.00,0.39%,-$641.00,-14.72%,14.44,"$4,355.98",âˆ…
Biggie Smalls,Collingwood,6,$341.38,$0.00,$184.20,0.11%,-$184.20,-20.00%,15,$921.00,30/06/19
PappaRich,Sydney Express,6,$14.70,$135.44,$90.29,0.05%,$45.15,5.00%,10,$902.90,11/08/18
Roll'd,Malvern Central,6,$21.34,$21.87,$21.87,0.01%,$0.00,0.00%,15,$145.80,31/05/18
Cafe Blush,Melbourne CBD,6,$221.68,$226.27,$150.84,0.09%,$75.43,5.00%,15,"$1,508.44",âˆ…
Chick In,Melbourne CBD,6,$27.33,$0.00,$720.67,0.44%,-$720.67,-24.73%,23.07,"$2,914.50",31/07/19
Happy Lemon,Elizabeth Street,6,$13.71,$0.00,$643.80,0.39%,-$643.80,-25.12%,22.47,"$2,563.13",âˆ…
Ichi-ban Boshi,Bondi Junction,6,$57.07,$2.68,$170.71,0.10%,-$168.03,-9.84%,15,"$1,707.10",31/05/19
Crafty Cuts,Bondi Junction,6,$24.21,$42.94,$42.94,0.03%,$0.00,0.00%,10,$286.26,30/09/18
Tsujiri,Melbourne CBD,6,$55.92,$65.25,$65.25,0.04%,$0.00,0.00%,20,$652.47,âˆ…
D' Elephant Thai,Eastland Shopping Centre,6,$46.21,$107.28,$107.28,0.07%,$0.00,0.00%,25,"$1,072.80",31/01/19
Bosozoku,South Yarra,6,$88.97,$196.13,$156.90,0.10%,$39.23,5.00%,10,$784.50,âˆ…
The Bulgogi,Sydney,6,$63.20,$0.00,$426.10,0.26%,-$426.10,-7.71%,10,"$5,529.45",24/07/19
Three Williams,Redfern,5,$145.46,$173.98,$173.98,0.11%,$0.00,0.00%,10,"$1,159.85",22/12/18
Xeom,Collingwood,5,$54.94,$318.88,$318.88,0.19%,$0.00,0.00%,10,"$1,275.50",âˆ…
Merchant Society,Docklands,5,$56.84,$129.17,$234.17,0.14%,-$105.00,-8.13%,10,"$1,291.66",âˆ…
85 Degrees Cafe,Meriton Tower,5,$8.64,$27.98,$27.98,0.02%,$0.00,0.00%,15,$559.70,âˆ…
Friends of Mine,Richmond,5,$162.19,$218.31,$215.58,0.13%,$2.73,0.25%,20,"$1,091.55",31/03/19
New York Minute Burgers,Brunswick,5,$76.85,$16.59,$16.59,0.01%,$0.00,0.00%,25,$110.60,âˆ…
South Dowling Sandwiches,Darlinghurst,5,$28.00,$45.67,$45.67,0.03%,$0.00,0.00%,10,$851.50,30/09/18
King Tea,Sydney,5,$13.12,$0.00,$347.58,0.21%,-$347.58,-28.07%,28.2,"$1,238.10",31/07/19
Ten BBQ and Hotpot,Southbank,5,$359.94,$113.59,$113.59,0.07%,$0.00,0.00%,10,"$1,091.60",âˆ…
Azusa Sen,Caulfield East,5,$61.25,$38.40,$38.40,0.02%,$0.00,0.00%,20,$383.95,âˆ…
Rice Paper Sister,Melbourne CBD,5,$166.55,$0.00,$188.20,0.11%,-$188.20,-9.28%,7.24,"$2,028.00",24/08/19
Cuppa Turca,Northcote,5,$35.22,$28.98,$21.73,0.01%,$7.25,5.00%,5,$144.90,âˆ…
Sam Sam Chicken,QV Centre,5,$39.41,$127.17,$127.17,0.08%,$0.00,0.00%,10,"$1,271.70",28/02/19
Chat Thai,Haymarket,5,$80.11,$366.41,"$1,199.39",0.73%,-$832.98,-16.40%,14.35,"$5,079.73",âˆ…
D' Elephant Thai,The Glen Shopping Centre,5,$99.26,$150.53,$150.53,0.09%,$0.00,0.00%,15,"$1,505.35",31/01/19
Roll'd,Jam Factory,5,$2.00,$10.90,$10.90,0.01%,$0.00,0.00%,15,$72.65,31/05/18
Two Sticks,Haymarket - The Quay,5,$43.84,$348.45,$261.33,0.16%,$87.12,5.00%,10,"$1,742.23",âˆ…
Basement Cafe,Melbourne CBD,5,$0.00,$11.51,$7.67,0.00%,$3.84,5.01%,15,$76.70,âˆ…
Cafe Kentaro,Surry Hills,5,$57.28,$0.00,$69.80,0.04%,-$69.80,-15.00%,10,$465.30,18/10/19
Ya Souv,Westfield Doncaster,5,$83.22,$18.48,$18.48,0.01%,$0.00,0.00%,10,$73.90,âˆ…
Royal Stacks,Chadstone Shopping Centre,4,$12.57,$103.59,$103.59,0.06%,$0.00,0.00%,10,$690.58,31/10/18
Phomo,Barangaroo,4,$35.83,$261.86,$247.72,0.15%,$14.14,0.93%,20,"$1,525.78",âˆ…
The Sandwich Shop,Haymarket,4,$42.19,$50.91,$50.91,0.03%,$0.00,0.00%,15,$797.60,28/02/19
Pho Mumum,Chippendale,4,$67.10,$422.27,$422.27,0.26%,$0.00,0.00%,10,"$1,689.10",âˆ…
Thai Style,Richmond,4,$8.88,$84.22,$67.38,0.04%,$16.84,5.00%,15,$336.90,âˆ…
Lavezzi Gelato,Carlton,4,$108.13,$57.59,$38.39,0.02%,$19.20,5.00%,15,$383.90,20/10/18
Mamak,Haymarket,4,$49.75,$0.00,$924.30,0.56%,-$924.30,-20.21%,16.11,"$4,573.00",30/06/19
A Little Joy,Melbourne CBD,4,$221.84,$74.18,$74.18,0.05%,$0.00,0.00%,11.84,$741.80,âˆ…
Kujin,Elizabeth Bay,4,$214.76,$107.07,$107.07,0.07%,$0.00,0.00%,15,$713.80,âˆ…
Spice Club,South Yarra,4,$202.95,$107.70,$107.70,0.07%,$0.00,0.00%,10,$430.81,âˆ…
Mrs Chan's Kitchen,Sydney,4,$36.17,$62.95,$112.56,0.07%,-$49.61,-4.41%,20,"$1,125.60",18/05/19
Tonda Pizza,Chippendale,4,$3.67,$44.42,$44.42,0.03%,$0.00,0.00%,25,$413.00,âˆ…
Ze Pickle,Surry Hills,4,$104.85,$48.40,$48.40,0.03%,$0.00,0.00%,5.45,$484.00,04/08/18
Song Tea,Swanston Street,4,$17.90,$86.19,$86.19,0.05%,$0.00,0.00%,25,$861.90,06/04/19
Maya da Dhaba,Surry Hills,4,$98.02,$108.98,$82.26,0.05%,$26.72,6.13%,15,$435.92,âˆ…
Ume Burger,Barangaroo,4,$33.63,$33.98,$33.98,0.02%,$0.00,0.00%,20,$226.50,10/11/18
Tap831,Docklands,4,$84.67,$10.50,$7.88,0.00%,$2.62,4.99%,20,$52.50,15/07/18
Roll'd,Rowe Lane,4,$6.15,$51.02,$51.02,0.03%,$0.00,0.00%,28.33,$340.10,âˆ…
Swanky Noodle,Parramatta,4,$46.00,$139.43,$139.43,0.08%,$0.00,0.00%,15,$929.50,âˆ…
Lanzhou Beef Noodle Bar,Caulfield East,4,$29.68,$0.00,$316.93,0.19%,-$316.93,-15.17%,10,"$2,089.50",31/12/19
Crafty Cuts,MLC Centre,4,$32.33,$126.22,$126.22,0.08%,$0.00,0.00%,10,$841.50,30/09/18
Tsuta Sushi,Melbourne CBD,4,$64.06,$64.28,$48.21,0.03%,$16.07,5.00%,5.41,$321.40,âˆ…
Roll'd,Highpoint,4,$4.45,$26.14,$26.14,0.02%,$0.00,0.00%,25,$174.26,âˆ…
Alice's Makan,Sydney,4,$88.95,$138.40,$138.40,0.08%,$0.00,0.00%,11.54,"$1,384.00",âˆ…
Seoul Soul,Emporium,4,$268.96,$126.50,$126.50,0.08%,$0.00,0.00%,20,"$1,265.00",16/02/19
New York Minute Burgers,Hawthorn,4,$26.50,$13.52,$13.52,0.01%,$0.00,0.00%,10,$90.10,âˆ…
Bullrun Cafe,Melbourne,4,$32.65,$61.04,$45.78,0.03%,$15.26,5.00%,10,$305.20,âˆ…
Zen Charcoal BBQ,South yarra,4,$106.97,$54.00,$54.00,0.03%,$0.00,0.00%,10,$216.00,âˆ…
Seoul Soul,Abbotsford,3,$148.40,$62.86,$62.86,0.04%,$0.00,0.00%,15,$628.60,16/02/19
SumoSalad,Chatswood,3,$19.43,$31.71,$31.71,0.02%,$0.00,0.00%,15,$211.40,âˆ…
Blackbird Cafe,Sydney,3,$34.07,$58.63,$58.63,0.04%,$0.00,0.00%,15,$234.50,30/09/18
Mama Rosy's,Newtown,3,$70.33,$22.95,$22.95,0.01%,$0.00,0.00%,20,$153.00,âˆ…
Hobba,Prahran,3,$201.60,$176.81,$235.74,0.14%,-$58.93,-5.00%,16.54,"$1,178.70",âˆ…
Two Sticks,Haymarket - George Street,3,$61.30,$286.86,$215.15,0.13%,$71.71,5.00%,15,"$1,434.30",âˆ…
Great Aunty Three,Enmore,3,$47.47,$23.76,$21.60,0.01%,$2.16,2.00%,25,$108.00,âˆ…
Bibimbap,Melbourne CBD,3,$1.50,$35.85,$35.85,0.02%,$0.00,0.00%,15,$239.00,âˆ…
Salt Meats Cheese,Circular Quay,3,$86.99,$62.10,$62.05,0.04%,$0.05,0.01%,15,$414.00,30/09/18
Asado To Go,Melbourne CBD,3,$25.84,$0.00,$86.78,0.05%,-$86.78,-15.00%,10,$578.50,31/08/19
Kung Fu Burger,South Yarra,3,$84.05,$66.18,$44.12,0.03%,$22.06,5.00%,10.56,$441.17,17/06/18
Coco Cubano,Central Park,3,$10.33,$49.59,$49.59,0.03%,$0.00,0.00%,15,$330.60,28/02/19
Love Pho,Richmond,3,$43.00,$185.60,$185.60,0.11%,$0.00,0.00%,10,$928.00,âˆ…
Maha Restaurant,Melbourne CBD,3,$216.42,$0.00,$150.00,0.09%,-$150.00,-10.46%,15,"$1,433.55",30/06/19
Sandoitchi,Darlinghurst,3,$26.50,$7.58,$7.58,0.00%,$0.00,0.00%,15,$151.50,30/11/18
Pabu Grill & Sake,Collingwood,3,$244.43,$66.88,$66.38,0.04%,$0.50,0.19%,20,$267.50,âˆ…
Romanos Coffee,Wantirna South,3,$33.80,$8.91,$5.94,0.00%,$2.97,5.00%,15,$59.40,âˆ…
Criniti's,Southbank,3,$298.79,$90.79,$88.10,0.05%,$2.69,0.44%,15,$605.25,âˆ…
Caffe Cherry Beans,Chatswood,3,$6.97,$0.00,$19.31,0.01%,-$19.31,-15.00%,15,$128.75,15/06/19
King Tea,Chatswood,3,$36.90,$0.00,$177.19,0.11%,-$177.19,-22.14%,11.56,$800.20,31/07/19
Hanoi Old Quarter,Hawthorn,3,$192.43,$172.30,$120.25,0.07%,$52.05,6.04%,15,$861.50,âˆ…
London K Burgers,Kensington,3,$28.00,$12.21,$8.14,0.00%,$4.07,5.00%,10,$81.40,âˆ…
Mason Dixon,Bourke Pl,3,$15.67,$95.07,$76.06,0.05%,$19.01,5.00%,25,$380.28,âˆ…
HongKong Kitchen,Sydney,3,$26.07,$123.19,$123.19,0.07%,$0.00,0.00%,15,"$1,136.20",âˆ…
4 Ounces Burger,Leichhardt,3,$32.00,$13.40,$13.40,0.01%,$0.00,0.00%,10,$67.00,15/09/18
The Bulgogi,Chatswood,3,$74.17,$0.00,$118.91,0.07%,-$118.91,-10.00%,10,"$1,189.10",24/07/19
Din Tai Fung,Westfield CBD,3,$31.80,$0.00,$24.00,0.01%,-$24.00,-15.00%,15,$160.00,30/06/19
I Love Pho,Crows Nest,3,$108.73,$51.64,$38.73,0.02%,$12.91,5.00%,5,$258.20,âˆ…
HongKong Kitchen,Ultimo,3,$49.43,$137.88,$137.88,0.08%,$0.00,0.00%,15,"$1,204.60",âˆ…
Gotcha,World Square Shopping Centre,3,$8.38,$34.22,$98.67,0.06%,-$64.45,-14.13%,15,$456.20,âˆ…
Yuzu,Melbourne CBD,3,$411.23,$454.80,$415.48,0.25%,$39.32,2.16%,15.87,"$1,819.20",âˆ…
Makoto Sushi Bar,Sydney,3,$96.70,$121.20,$121.20,0.07%,$0.00,0.00%,10,"$1,212.00",âˆ…
The Little Snail,Darling Harbour,3,$300.37,$126.63,$75.00,0.05%,$51.63,10.19%,27.32,$506.50,âˆ…
Shanghai Dragon Dumpling House,Prahran,3,$110.83,$295.05,$230.66,0.14%,$64.39,5.46%,15,"$1,180.20",âˆ…
Tall Timber Cafe,Prahran,2,$84.61,$206.71,$206.71,0.13%,$0.00,0.00%,10,"$1,043.46",31/03/19
The Bun Gallery,Haymarket,2,$86.85,$45.82,$45.82,0.03%,$0.00,0.00%,15,$756.50,âˆ…
Piccolo Mondo,Carlton,2,$63.25,$130.35,$150.00,0.09%,-$19.65,-3.77%,15,$521.40,âˆ…
Izakaya Hachibeh,Melbourne CBD,2,$39.37,$65.70,$65.70,0.04%,$0.00,0.00%,11.39,$657.00,âˆ…
Arthurs Pizza,Paddington,2,$35.25,$36.60,$36.60,0.02%,$0.00,0.00%,20,$244.00,âˆ…
Saigon Summer,Surry Hills,2,$2.00,$30.68,$30.68,0.02%,$0.00,0.00%,25.38,$317.00,âˆ…
Fratelli Famous,World Square,2,$6.50,$2.25,$2.25,0.00%,$0.00,0.00%,20,$15.00,31/10/18
La Porchetta,South Yarra,2,$70.05,$56.82,$56.82,0.03%,$0.00,0.00%,10,$378.77,âˆ…
South Dowling Sandwiches,Alexandria,2,$21.00,$44.80,$44.80,0.03%,$0.00,0.00%,6.02,$839.00,30/09/18
Duke Pizza,Melbourne CBD,2,$7.00,$57.98,$57.98,0.04%,$0.00,0.00%,20,$386.50,âˆ…
Shanghai Village,Melbourne CBD,2,$88.27,$107.23,$108.60,0.07%,-$1.37,-0.23%,25,$608.40,31/03/19
Gramercy Social,Prahran,2,$209.81,$165.65,$143.13,0.09%,$22.52,3.67%,25,$613.50,âˆ…
Xing Xing Sichuan Dish,Chinatown,2,$54.30,$15.14,$15.14,0.01%,$0.00,0.00%,15,$151.40,13/04/19
Richmond Oysters,Richmond,2,$300.76,$116.00,$89.50,0.05%,$26.50,5.71%,10,$464.00,âˆ…
Famous BBQ Hotpot,Melbourne CBD,2,$124.00,$182.06,$170.34,0.10%,$11.72,0.73%,10,"$1,605.10",âˆ…
Fratelli Fresh,Walsh Bay,2,$47.02,$19.80,$19.80,0.01%,$0.00,0.00%,10,$132.00,30/11/18
Billy's Courtyard,Glen Iris,2,$198.95,$10.53,$10.53,0.01%,$0.00,0.00%,20,$105.30,âˆ…
Sayers Sister [Kounta Demo],CES 2019 Demo Las Vegas,2,$75.80,$7.38,$5.90,0.00%,$1.48,5.02%,15,$29.50,âˆ…
Ajisen Ramen,Melbourne Central,2,$53.17,$61.89,$41.26,0.03%,$20.63,5.00%,10,$412.60,âˆ…
Banh You,Sydney,2,$25.55,$35.59,$23.73,0.01%,$11.86,5.00%,10.43,$237.25,âˆ…
Thanon KhaoSan,Haymarket,2,$40.50,$269.90,$245.36,0.15%,$24.54,2.00%,10,"$1,226.80",âˆ…
SumoSalad,Australia Square,2,$48.05,$90.74,$90.74,0.06%,$0.00,0.00%,15,$604.95,âˆ…
Richmond Oysters,Oakleigh,2,$136.50,$410.25,$190.50,0.12%,$219.75,13.39%,15,"$1,641.00",âˆ…
Matsuzaka,Caulfield South,2,$149.30,$6.00,$6.00,0.00%,$0.00,0.00%,15,$60.00,âˆ…
Laksa King,Glen Waverley,2,$16.90,$0.00,$288.77,0.18%,-$288.77,-10.00%,15,"$2,887.70",âˆ…
Lanes Edge Cafe Bar,Melbourne CBD,2,$162.18,$3.14,$3.14,0.00%,$0.00,0.00%,25,$20.95,âˆ…
Mulan Temple,Newtown,2,$12.70,$44.35,$35.48,0.02%,$8.87,5.00%,15,$177.40,âˆ…
Paco's Tacos,Ringwood,2,$63.83,$0.00,$67.87,0.04%,-$67.87,-10.00%,20,$678.70,30/09/19
Bean Code,Chatswood,2,$20.10,$49.56,$49.56,0.03%,$0.00,0.00%,20,$330.40,âˆ…
SumoSalad,Parramatta,2,$202.40,$9.65,$9.65,0.01%,$0.00,0.00%,10,$64.35,âˆ…
Liu's Kitchen,Chatswood,2,$46.35,$0.00,$31.41,0.02%,-$31.41,-15.00%,10,$209.40,15/06/19
Condor Japanese Restaurant,Sydney,2,$129.20,$160.72,$107.15,0.07%,$53.57,5.00%,10,"$1,071.50",âˆ…
Orient East,Melbourne CBD,2,$13.50,$74.25,$56.63,0.03%,$17.62,5.93%,10,$297.00,âˆ…
Bluetrain,Southgate,2,$58.75,$120.03,$110.15,0.07%,$9.88,2.06%,25,$480.10,âˆ…
Nirankar,Melbourne CBD,2,$145.35,$95.17,$89.33,0.05%,$5.84,1.84%,15,$317.25,âˆ…
Fratelli Famous,Westfield Sydney CBD,2,$36.90,$38.48,$38.48,0.02%,$0.00,0.00%,15,$256.50,30/11/18
Il Gambero Restaurant,Carlton,2,$30.45,$101.03,$101.03,0.06%,$0.00,0.00%,25,$404.10,âˆ…
Cafe Oratnek,Redfern,2,$32.90,$0.00,$205.23,0.12%,-$205.23,-15.00%,15,"$1,368.20",18/10/19
Izakaya Chuji,Melbourne CBD,2,$64.55,$148.84,$99.23,0.06%,$49.61,5.00%,10,$992.30,30/04/18
Casa Ristorante Italiano,Darling Harbour,2,$141.61,$83.19,$83.19,0.05%,$0.00,0.00%,10,$332.78,30/09/18
Bar Cupola,Sydney,1,$0.00,$40.40,$40.40,0.02%,$0.00,0.00%,10,$161.61,âˆ…
Madame Nhu,Westfield Hornsby,1,$1.80,$16.91,$16.91,0.01%,$0.00,0.00%,15,$169.10,âˆ…
Shancheng Hot Pot King,Haymarket,1,$471.90,$345.38,$342.70,0.21%,$2.68,0.08%,10,"$3,453.80",âˆ…
Spanish Tapas,Glebe,1,$120.50,$58.13,$58.13,0.04%,$0.00,0.00%,25,$232.50,âˆ…
Miyako Japanese Cuisine & Teppanyaki,Southgate,1,$38.00,$124.47,$112.72,0.07%,$11.75,2.36%,28.17,$497.90,âˆ…
Encore Pizza and Grill,Footscray,1,$0.00,$35.84,$26.88,0.02%,$8.96,5.00%,5,$179.20,âˆ…
Song Tea,Ashfield,1,$68.50,$32.84,$32.84,0.02%,$0.00,0.00%,25,$328.40,âˆ…
Three One 2 One,Richmond,1,$47.00,$70.50,$70.50,0.04%,$0.00,0.00%,20,$282.00,âˆ…
The Bar Royal,Glen Huntly,1,$160.36,$14.80,$14.80,0.01%,$0.00,0.00%,15,$59.20,âˆ…
The Choc Pot,Regent Place,1,$212.15,$85.06,$85.06,0.05%,$0.00,0.00%,20,$852.15,âˆ…
Rococo,Hawthorn,1,$135.50,$222.92,$131.70,0.08%,$91.22,6.14%,10,"$1,486.13",âˆ…
Code 21,Brunswick,1,$1.00,$0.60,$0.60,0.00%,$0.00,0.00%,15,$4.00,âˆ…
The Char Rotisserie,Bondi,1,$74.20,$30.33,$30.33,0.02%,$0.00,0.00%,10,$303.30,âˆ…
Iris and the Secret Squirrel,Richmond,1,$284.25,$11.70,$11.70,0.01%,$0.00,0.00%,25,$117.00,âˆ…
Barolo,Camberwell,1,$66.30,$100.97,$97.47,0.06%,$3.50,0.87%,10,$403.90,âˆ…
A1 Canteen,Chippendale,1,$57.20,$0.00,$94.30,0.06%,-$94.30,-8.67%,30,"$1,087.81",31/08/19
Lee Ho Fook,Melbourne CBD,1,$195.99,$0.00,$33.43,0.02%,-$33.43,-10.00%,9.55,$334.31,30/09/19
Choix Creperie Cafe,Collin St,1,$57.99,$20.66,$20.66,0.01%,$0.00,0.00%,25,$103.30,âˆ…
Guo's Kitchen,Hawthorn East,1,$8.00,$43.77,$35.02,0.02%,$8.75,5.00%,20,$175.10,âˆ…
Schmucks Bagels,Melbourne CBD,1,$18.30,$41.56,$27.71,0.02%,$13.85,5.00%,10,$277.10,30/09/18
At Tea,Chippendale,1,$0.00,$30.67,$40.13,0.02%,-$9.46,-4.63%,15,$204.44,âˆ…
Khoi Eatery,Marrickville,1,$46.15,$311.88,$311.88,0.19%,$0.00,0.00%,25,"$1,247.50",âˆ…
Aunty Franklee,Hawthorn,1,$6.00,$52.70,$52.70,0.03%,$0.00,0.00%,15,$527.00,âˆ…
Beau Tea,Haymarket,1,$25.50,$0.30,$0.30,0.00%,$0.00,0.00%,25,$2.00,âˆ…
Gin Im Thai,Darlinghurst,1,$198.80,$164.50,$164.50,0.10%,$0.00,0.00%,15,$658.00,âˆ…
Egg Station,Melbourne CBD,1,$20.00,$18.23,$18.23,0.01%,$0.00,0.00%,25,$121.50,âˆ…
Spice Up Hot Pot,Melbourne CBD,1,$780.04,$200.03,$200.03,0.12%,$0.00,0.00%,12.81,"$1,628.50",âˆ…
Reynaldo's Filipino Restaurant,North Melbourne,1,$43.00,$31.60,$23.70,0.01%,$7.90,5.00%,15,$158.00,âˆ…
White Mojo,Balwyn,1,$74.50,$0.00,$288.40,0.18%,-$288.40,-15.31%,10,"$1,883.50",âˆ…
Aashiana,Balwyn,1,$308.80,$0.00,$201.32,0.12%,-$201.32,-22.99%,15,$875.80,âˆ…
Flower Child,Chatswood,1,$86.75,$18.45,$18.45,0.01%,$0.00,0.00%,15,$123.00,âˆ…
Persian Grill,Melbourne CBD,1,$25.00,$86.25,$69.00,0.04%,$17.25,5.00%,5,$345.00,âˆ…
Blue River Thai,Canterbury,1,$162.20,$43.83,$25.00,0.02%,$18.83,10.74%,25,$175.30,âˆ…
Madame Nhu,Surry Hills,1,$1.00,$40.41,$40.41,0.02%,$0.00,0.00%,10,$404.06,âˆ…
Area Four,Melbourne CBD,1,$39.48,$2.10,$7.00,0.00%,-$4.90,-17.50%,20,$28.00,04/05/19
90 Secondi,Docklands,1,$3.60,$38.03,$30.57,0.02%,$7.46,4.34%,25,$171.70,âˆ…
Dumplings and Beer,Potts Point,1,$152.20,$0.90,$0.90,0.00%,$0.00,0.00%,15,$18.00,31/08/18
Poke Me,South Yarra,1,$18.80,$49.55,$99.12,0.06%,-$49.57,-15.00%,15,$330.40,âˆ…
Noodle Box,Malvern,1,$10.95,$8.22,$5.48,0.00%,$2.74,5.00%,7,$54.80,13/10/18
Saigon Summer,Summer Hill,1,$75.70,$17.75,$17.75,0.01%,$0.00,0.00%,10,$188.00,âˆ…
Curry Vault,Melbourne CBD,1,$57.80,$33.88,$27.10,0.02%,$6.78,5.00%,25,$135.50,âˆ…
The Sandwich Shop,Surry Hills,1,$164.50,$41.79,$41.79,0.03%,$0.00,0.00%,10,$728.25,28/02/19
Baker's Delight,Chatswood Chase,1,$5.40,$0.00,$2.95,0.00%,-$2.95,-10.00%,15,$29.50,13/07/19
The Factory Grind,Surry Hills,1,$27.00,$40.70,$63.90,0.04%,-$23.20,-7.26%,25,$319.50,30/09/18
Gelatissimo,Chatswood,1,$32.50,$0.00,$14.25,0.01%,-$14.25,-15.00%,15,$95.00,15/06/19
Sushisan,Prahran,1,$16.90,$8.97,$5.98,0.00%,$2.99,5.00%,10,$59.80,âˆ…
Sharetea,Burwood,1,$5.90,$3.19,$3.19,0.00%,$0.00,0.00%,15,$31.90,âˆ…
Mama's Buoi,Chadstone Shopping Centre,1,$207.65,$77.25,$77.25,0.05%,$0.00,0.00%,10,$515.00,31/08/18
King Tea,Eastwood,1,$8.00,$97.72,$114.20,0.07%,-$16.48,-3.93%,25,$419.10,âˆ…
Shiraaz,Melbourne,1,$7.00,$83.03,$83.03,0.05%,$0.00,0.00%,15,$332.10,âˆ…
Chef's Gallery,Parramatta,1,$12.53,$0.00,$67.41,0.04%,-$67.41,-15.00%,15,$449.37,âˆ…
Noodle Box,Hawthorn,1,$66.85,$24.51,$16.34,0.01%,$8.17,5.00%,10,$163.40,13/10/18
Fujimi Dorayaki,Chatswood,1,$6.50,$63.17,$50.54,0.03%,$12.63,5.00%,15,$252.70,âˆ…
Ouroboros,Surry Hills,1,$17.00,$53.95,$107.90,0.07%,-$53.95,-10.00%,20,$539.50,âˆ…
Saigon Bowl,Strathfield,1,$29.00,$2.35,$36.00,0.02%,-$33.65,-12.53%,10,$268.50,24/05/19
Cha Here,Springvale,1,$6.40,$85.22,$85.22,0.05%,$0.00,0.00%,10,$426.10,âˆ…
Paco's Tacos,Melbourne CBD,1,$81.96,$0.00,$12.13,0.01%,-$12.13,-10.00%,15,$121.25,30/09/19
Coco Cubano,Parramatta,1,$15.40,$19.91,$19.91,0.01%,$0.00,0.00%,15,$132.70,27/06/18
The Bulgogi,Strathfield,1,$242.80,$0.00,$100.20,0.06%,-$100.20,-9.94%,26.92,"$1,008.00",24/07/19
New York Minute Burgers,South Melbourne,1,$12.40,$14.13,$14.13,0.01%,$0.00,0.00%,20,$94.20,âˆ…
Kumo Izakaya,Brunswick East,1,$155.00,$27.51,$18.34,0.01%,$9.17,5.00%,9.17,$183.40,30/04/18
Araliya,St Kilda,1,$64.00,$63.13,$30.00,0.02%,$33.13,13.12%,10,$252.50,âˆ…
Caffe La Via,Malvern,1,$73.30,$5.91,$0.00,0.00%,$5.91,15.00%,,$39.40,âˆ…
Biggie Smalls,Windsor,1,$0.00,$0.00,$9.40,0.01%,-$9.40,-20.00%,25,$47.00,30/06/19
Agraba,North Melbourne,1,$81.50,$51.60,$47.73,0.03%,$3.87,1.94%,15,$199.00,âˆ…
Tokyo Japanese Restaurant,Melbourne CBD,1,$169.83,$365.89,$258.26,0.16%,$107.63,7.35%,10,"$1,463.56",âˆ…
Bruce Lee Sushi and Roll,Melbourne CBD,1,$114.69,$25.18,$25.18,0.02%,$0.00,0.00%,20,$167.85,13/10/18
Dragon Hot Pot,Clayton,1,$27.96,$0.00,$0.32,0.00%,-$0.32,-10.00%,15,$3.20,âˆ…
Spice Club,Frankston,1,$99.70,$26.18,$25.00,0.02%,$1.18,1.13%,15,$104.70,âˆ…
Chef's Gallery,Town Hall,1,$65.20,$0.00,$265.09,0.16%,-$265.09,-14.75%,20,"$1,797.50",âˆ…
Top Juice,QVB,1,$8.00,$2.92,$2.92,0.00%,$0.00,0.00%,10,$19.50,âˆ…
Bruce Lee Sushi and Roll,Westfield Southland,1,$38.30,$9.86,$9.86,0.01%,$0.00,0.00%,5,$65.75,13/10/18
King Tea,Parramatta,1,$14.50,$60.65,$71.55,0.04%,-$10.90,-4.21%,10.14,$259.00,âˆ…
La Camera,Southgate,1,$501.10,$67.63,$54.10,0.03%,$13.53,5.00%,25,$270.50,âˆ…
Kobe Jones,World Trade Centre Wharf,1,$517.35,$167.84,$60.00,0.04%,$107.84,16.06%,15,$671.35,âˆ…
Fogo Brazilian Churrasco,Bondi Junction,1,$94.00,$39.76,$29.82,0.02%,$9.94,5.00%,20,$198.80,âˆ…
Sardi Cafe,Hawthorn,1,$0.70,$19.93,$19.93,0.01%,$0.00,0.00%,25,$79.70,âˆ…
Hayashi291,Richmond,5,$195.15,$23.16,$23.16,0.01%,$0.00,0.00%,15,$115.80,âˆ…
Martha Ray's,Fitzroy,5,$80.90,$21.60,$21.60,0.01%,$0.00,0.00%,20,$108.00,31/12/18
Marmara Restaurant,Windsor,5,$244.74,$15.75,$15.75,0.01%,$0.00,0.00%,15,$63.00,âˆ…
Sushisan,Balaclava,4,$8.47,$7.39,$4.93,0.00%,$2.46,4.99%,10,$49.30,31/10/18
Movida Aqui,Melbourne CBD,4,$201.56,$0.00,$38.03,0.02%,-$38.03,-6.70%,15,$567.62,30/09/19
Hu's Pie & Dumplings,Malvern,4,$37.85,$10.25,$8.20,0.00%,$2.05,5.00%,10,$41.00,âˆ…
Blue Note Cafe,Richmond,4,$65.53,$19.43,$19.43,0.01%,$0.00,0.00%,15,$77.70,âˆ…
Seoul Soul,Northcote,4,$97.40,$37.80,$37.80,0.02%,$0.00,0.00%,10,$378.00,16/02/19
Melbourne Crepe House,Carlton,3,$164.57,$6.92,$4.61,0.00%,$2.31,5.01%,15,$46.10,âˆ…
The Yarra Indian,South Yarra,3,$32.83,$6.75,$5.40,0.00%,$1.35,5.00%,10,$27.00,âˆ…
Happy Lemon,Docklands,2,$5.04,$0.00,$101.89,0.06%,-$101.89,-26.02%,25,$391.62,âˆ…
Liven Bistro,Dixon's BBQ Hut,2,$535.70,$151.03,$151.03,0.09%,$0.00,0.00%,15,$604.10,âˆ…
Lavezzi Gelato,Eastland Shopping Centre,2,$50.45,$19.36,$12.91,0.01%,$6.45,5.00%,15,$129.10,âˆ…
Bar Tini,Melbourne CBD,1,$12.00,$0.00,$4.73,0.00%,-$4.73,-10.01%,15,$47.27,30/09/19
Piccolo Me,Lonsdale Street,1,$0.00,$5.66,$5.66,0.00%,$0.00,0.00%,10,$37.70,31/10/18
ONDA Bar and Eatery,Richmond,1,$350.30,$33.90,$33.90,0.02%,$0.00,0.00%,15,$169.50,âˆ…
Royal Thai Massage,Melbourne CBD,1,$80.90,$11.25,$11.25,0.01%,$0.00,0.00%,20,$75.00,âˆ…
Laksa King Kitchen,Flemington,1,$42.60,$0.00,$73.77,0.04%,-$73.77,-10.00%,15,$737.70,âˆ…
MoVida,Melbourne CBD,1,$250.99,$0.00,$26.50,0.02%,-$26.50,-10.00%,10,$265.02,30/09/19
Robarta,St Kilda,1,$22.00,$17.50,$17.50,0.01%,$0.00,0.00%,13.75,$70.00,âˆ…
The Bar Royal,Glen Huntly,14.8,$14.80,0.05%,$0.00,0.00%,15,$59.20,∅,,
Madame Nhu,Westfield Chatswood,14.51,$14.51,0.05%,$0.00,0.00%,20,$145.10,∅,,
Piccolo Me,King Street,14.44,$14.44,0.05%,$0.00,0.00%,15,$96.25,2018-10-31,,
Gelatissimo,Chatswood,0,$14.25,0.04%,-$14.25,-15.00%,15,$95.00,2019-06-15,,
New York Minute Burgers,South Melbourne,14.13,$14.13,0.04%,$0.00,0.00%,20,$94.20,∅,,
IKU Wholefood,Westfield Plaza,13.8,$13.80,0.04%,$0.00,0.00%,15,$92.00,∅,,
Mama Mulan,Chatswood,17.25,$13.80,0.04%,$3.45,5.00%,10,$68.99,∅,,
New York Minute Burgers,Hawthorn,13.52,$13.52,0.04%,$0.00,0.00%,10,$90.10,∅,,
4 Ounces Burger,Leichhardt,13.4,$13.40,0.04%,$0.00,0.00%,10,$67.00,2018-09-15,,
Lavezzi Gelato,Eastland Shopping Centre,19.36,$12.91,0.04%,$6.45,5.00%,15,$129.10,∅,,
SumoSalad,Burwood,12.62,$12.62,0.04%,$0.00,0.00%,15,$84.15,∅,,
Paco's Tacos,Melbourne CBD,0,$12.13,0.04%,-$12.13,-10.00%,15,$121.25,2019-09-30,,
Chir Chir Korean,Burwood,11.85,$12.00,0.04%,-$0.15,-0.19%,10,$78.00,∅,,
Iris and the Secret Squirrel,Richmond,11.7,$11.70,0.04%,$0.00,0.00%,25,$117.00,∅,,
DoDee Paidang Thai,Chatswood,11.5,$11.50,0.04%,$0.00,0.00%,7.5,$115.00,∅,,
Noodles vs Dumplings,Melbourne CBD,11.32,$11.32,0.04%,$0.00,0.00%,15,$75.50,∅,,
Royal Thai Massage,Melbourne CBD,11.25,$11.25,0.04%,$0.00,0.00%,20,$75.00,∅,,
Roll'd,Jam Factory,10.9,$10.90,0.03%,$0.00,0.00%,15,$72.65,2018-05-31,,
Billy's Courtyard,Glen Iris,10.53,$10.53,0.03%,$0.00,0.00%,20,$105.30,∅,,
Kaaoli Sushi Cafe,Prahran,10.45,$10.45,0.03%,$0.00,0.00%,10,$41.80,∅,,
Master Yang,Chatswood,1.77,$10.41,0.03%,-$8.64,-12.45%,25,$69.40,2019-05-31,,
RocoMamas,Windsor,10.2,$10.20,0.03%,$0.00,0.00%,15,$51.00,∅,,
Saigon Summer,Ashfield Mall,10.04,$10.04,0.03%,$0.00,0.00%,10,$125.60,∅,,
Bruce Lee Sushi and Roll,Westfield Southland,9.86,$9.86,0.03%,$0.00,0.00%,5,$65.75,2018-10-13,,
SumoSalad,Parramatta,9.65,$9.65,0.03%,$0.00,0.00%,10,$64.35,∅,,
Biggie Smalls,Windsor,0,$9.40,0.03%,-$9.40,-20.00%,25,$47.00,2019-06-30,,
La Figo,Melbourne CBD,11.76,$8.82,0.03%,$2.94,5.00%,15,$58.80,∅,,
Gelateria Gondola,Chatswood,8.32,$8.32,0.03%,$0.00,0.00%,15,$55.50,∅,,
Hu's Pie & Dumplings,Malvern,10.25,$8.20,0.03%,$2.05,5.00%,10,$41.00,∅,,
London K Burgers,Kensington,12.21,$8.14,0.03%,$4.07,5.00%,10,$81.40,∅,,
Peppans Bar & Cafe,South Yarra,7.88,$7.88,0.02%,$0.00,0.00%,10,$31.50,∅,,
Tap831,Docklands,10.5,$7.88,0.02%,$2.62,4.99%,20,$52.50,2018-07-15,,
Xage,Surry Hills,7.71,$7.71,0.02%,$0.00,0.00%,10,$77.10,∅,,
Basement Cafe,Melbourne CBD,11.51,$7.67,0.02%,$3.84,5.01%,15,$76.70,∅,,
Sandoitchi,Darlinghurst,7.58,$7.58,0.02%,$0.00,0.00%,15,$151.50,2018-11-30,,
Area Four,Melbourne CBD,2.1,$7.00,0.02%,-$4.90,-17.50%,20,$28.00,2019-05-04,,
Siam Thai,Melbourne CBD,9.3,$6.97,0.02%,$2.33,5.01%,10,$46.50,∅,,
Clarendon Station,South Melbourne,0,$6.88,0.02%,-$6.88,-10.00%,15,$68.80,∅,,
Malacca Straits on Broadway,Ultiimo,6.42,$6.42,0.02%,$0.00,0.00%,20,$102.60,∅,,
Matsuzaka,Caulfield South,6,$6.00,0.02%,$0.00,0.00%,15,$60.00,∅,,
Sushisan,Prahran,8.97,$5.98,0.02%,$2.99,5.00%,10,$59.80,∅,,
Romanos Coffee,Wantirna South,8.91,$5.94,0.02%,$2.97,5.00%,15,$59.40,∅,,
Sayers Sister [Kounta Demo],CES 2019 Demo Las Vegas,7.38,$5.90,0.02%,$1.48,5.02%,15,$29.50,∅,,
Piccolo Me,Lonsdale Street,5.66,$5.66,0.02%,$0.00,0.00%,10,$37.70,2018-10-31,,
Kokido,Caulfield South,8.34,$5.56,0.02%,$2.78,10.00%,10,$27.80,∅,,
Noodle Box,Malvern,8.22,$5.48,0.02%,$2.74,5.00%,7,$54.80,2018-10-13,,
Bar Ume,Surry Hills,5.46,$5.46,0.02%,$0.00,0.00%,15,$36.40,2018-11-10,,
The Yarra Indian,South Yarra,6.75,$5.40,0.02%,$1.35,5.00%,10,$27.00,∅,,
Top Juice,Central Park,4.95,$4.95,0.02%,$0.00,0.00%,20,$33.00,∅,,
Sushisan,Balaclava,7.39,$4.93,0.02%,$2.46,4.99%,10,$49.30,2018-10-31,,
Bar Tini,Melbourne CBD,0,$4.73,0.01%,-$4.73,-10.01%,15,$47.27,2019-09-30,,
Melbourne Crepe House,Carlton,6.92,$4.61,0.01%,$2.31,5.01%,15,$46.10,∅,,
Roll'd,Barkly Square,3.94,$3.94,0.01%,$0.00,0.00%,15,$26.30,2018-05-14,,
Preet Indian,Chatswood,0,$3.62,0.01%,-$3.62,-20.00%,20,$18.10,2019-06-15,,
Baker's Delight,Wynyard,0,$3.61,0.01%,-$3.61,-10.00%,10,$36.10,2019-07-13,,
Sharetea,Burwood,3.19,$3.19,0.01%,$0.00,0.00%,15,$31.90,∅,,
Lanes Edge Cafe Bar,Melbourne CBD,3.14,$3.14,0.01%,$0.00,0.00%,25,$20.95,∅,,
Baker's Delight,Chatswood Chase,0,$2.95,0.01%,-$2.95,-10.00%,15,$29.50,2019-07-13,,
Top Juice,QVB,2.92,$2.92,0.01%,$0.00,0.00%,10,$19.50,∅,,
My Sista Says,Port Melbourne,3.8,$2.85,0.01%,$0.95,5.00%,10,$19.00,∅,,
Top Juice,Wintergarden,2.63,$2.63,0.01%,$0.00,0.00%,10,$17.50,∅,,
Rainbow Toastie,Melbourne CBD,2.58,$2.58,0.01%,$0.00,0.00%,15,$12.90,∅,,
Fratelli Famous,World Square,2.25,$2.25,0.01%,$0.00,0.00%,20,$15.00,2018-10-31,,
Hikari Sushi,Chatswood,0,$2.10,0.01%,-$2.10,-28.00%,10,$7.50,2019-06-22,,
Sharetea,Forest Hill Chase SC,1.81,$1.81,0.01%,$0.00,0.00%,25,$18.10,∅,,
Yo! Sushi Noodle,Cremorne,1.33,$1.33,0.00%,$0.00,0.00%,15,$13.30,∅,,
Pizza M,Ultimo,1,$1.00,0.00%,$0.00,0.00%,15,$10.00,∅,,
Dumplings and Beer,Potts Point,0.9,$0.90,0.00%,$0.00,0.00%,15,$18.00,2018-08-31,,
Bibim Bowl and Rolls,Chatswood,0.75,$0.60,0.00%,$0.15,5.00%,15,$3.00,∅,,
Code 21,Brunswick,0.6,$0.60,0.00%,$0.00,0.00%,15,$4.00,∅,,
Seoulmate,Chatswood,0.45,$0.45,0.00%,$0.00,0.00%,15,$3.00,∅,,
IKU Wholefood,MET Centre,0.45,$0.45,0.00%,$0.00,0.00%,10,$3.00,∅,,
IKU Wholefood,Glebe,0.45,$0.45,0.00%,$0.00,0.00%,15,$3.00,∅,,
Dragon Hot Pot,Clayton,0,$0.32,0.00%,-$0.32,-10.00%,15,$3.20,∅,,
IKU Wholefood,MLC Centre,0.3,$0.30,0.00%,$0.00,0.00%,15,$2.00,∅,,
IKU Wholefood,North Sydney,0.3,$0.30,0.00%,$0.00,0.00%,15,$2.00,∅,,
Top Juice,Central Plaza,0.3,$0.30,0.00%,$0.00,0.00%,15,$2.00,∅,,
Down n' Out,Crow's Nest,0.3,$0.30,0.00%,$0.00,0.00%,15,$2.00,∅,,
Black Star Pastry,Moore Park,0.3,$0.30,0.00%,$0.00,0.00%,15,$2.00,∅,,
IKU Wholefood,Neutral Bay,0.3,$0.30,0.00%,$0.00,0.00%,15,$2.00,∅,,
IKU Wholefood,North Ryde,0.3,$0.30,0.00%,$0.00,0.00%,25,$2.00,∅,,
Beau Tea,Haymarket,0.3,$0.30,0.00%,$0.00,0.00%,25,$2.00,∅,,
IKU Wholefood,Waverley,0.3,$0.30,0.00%,$0.00,0.00%,20,$2.00,∅,,
IKU Wholefood,Rozelle,0.3,$0.30,0.00%,$0.00,0.00%,10,$2.00,∅,,
Down n' Out,Ryde,0.3,$0.30,0.00%,$0.00,0.00%,20,$2.00,∅,,
Down n' Out,Sydney,0.3,$0.30,0.00%,$0.00,0.00%,15,$2.00,∅,,
Top Juice,Westfield Pitt Street,0.3,$0.30,0.00%,$0.00,0.00%,15,$2.00,∅,,
DoDee Paidang Thai,Sydney CBD,0.3,$0.30,0.00%,$0.00,0.00%,15,$3.00,∅,,
Sicilian Restaurant,Parramatta,0.25,$0.25,0.00%,$0.00,0.00%,15,$1.00,2018-09-30,,
Rhapsody's Cafe,Carlton North,0.25,$0.25,0.00%,$0.00,0.00%,15,$1.00,∅,,
Si Senorita,Fitzroy,0.25,$0.20,0.00%,$0.05,5.00%,15,$1.00,∅,,
Baker's Delight,Crow's Nest,0,$0.20,0.00%,-$0.20,-10.00%,15,$2.00,2019-07-13,,
Beau Tea,Kingsford,0.15,$0.15,0.00%,$0.00,0.00%,15,$1.00,∅,,
Beau Tea,Cabramatta,0.15,$0.15,0.00%,$0.00,0.00%,15,$1.00,∅,,
Beau Tea,Chatswood,0,$0.15,0.00%,-$0.15,-15.00%,,$1.00,2019-07-20,,
Black Star Pastry,Sydney CBD,0.15,$0.15,0.00%,$0.00,0.00%,,$1.00,∅,,
Black Star Pastry,Newtown,0.15,$0.15,0.00%,$0.00,0.00%,,$1.00,∅,,
Delisse,MET Centre,0.15,$0.15,0.00%,$0.00,0.00%,,$1.00,2018-12-22,,
Black Star Pastry,Rosebery,0.15,$0.15,0.00%,$0.00,0.00%,,$1.00,∅,,
Nene Chicken,North Ryde,0.1,$0.10,0.00%,$0.00,0.00%,10,$1.00,∅,,
Abacus Bar and Kitchen,South Yarra,0,$0.10,0.00%,-$0.10,-10.00%,10,$1.00,∅,,
Hellenic Republic,Williamstown,0,$0.10,0.00%,-$0.10,-10.00%,10,$1.00,∅,,
Collective Espresso,Camberwell,0.1,$0.10,0.00%,$0.00,0.00%,10,$1.00,∅,,
Hellenic Republic,Brunswick,0,$0.10,0.00%,-$0.10,-10.00%,10,$1.00,∅,,
Abacus All Day,Ringwood,0,$0.10,0.00%,-$0.10,-10.00%,10,$1.00,∅,,
Clarendon Sky Bar,South Melbourne,0,$0.10,0.00%,-$0.10,-10.00%,10,$1.00,∅,,
Baker's Delight,Glebe,0,$0.10,0.00%,-$0.10,-10.00%,10,$1.00,2019-07-13,,
Hellenic Republic,Brighton,0,$0.10,0.00%,-$0.10,-10.00%,10,$1.00,∅,,
Hellenic Republic,Kew,0,$0.10,0.00%,-$0.10,-10.00%,10,$1.00,∅,,
Limor's Restaurant,Elsternwick,8.75,$0.00,0.00%,$8.75,25.00%,,$35.00,∅,,
Caffe La Via,Malvern,5.91,$0.00,0.00%,$5.91,15.00%,,$39.40,∅,,
PappaRich,Brunswick,0,$0.10,0.00%,-$0.10,-10.00%,,$1.00,∅,,
Sharetea,South Melbourne,0,$0.10,0.00%,-$0.10,-10.00%,,$1.00,∅,,
Sazio Restaurant Bar and Cafe,Ringwood,0,$0.10,0.00%,-$0.10,-10.00%,,$1.00,∅,,
Thai Pothong,South Yarra,0,$0.10,0.00%,-$0.10,-10.00%,,$1.00,∅,,
Mad Pizza e Bar,Kew,0,$0.10,0.00%,-$0.10,-10.00%,,$1.00,∅,,
YiFang Taiwan Fruit Tea,Brighton,0,$0.10,0.00%,-$0.10,-10.00%,,$1.00,∅,,
Wasabi & Chilli,North Ryde,0.1,$0.10,0.00%,$0.00,0.00%,,$1.00,∅,,
Edition Coffee Roasters,Camberwell,0.1,$0.10,0.00%,$0.00,0.00%,,$1.00,∅,,
Limor's Restaurant,Elsternwick,8.75,$0.00,0.00%,$8.75,25.00%,25,$35.00,∅,,
Caffe La Via,Malvern,5.91,$0.00,0.00%,$5.91,15.00%,10,$39.40,∅,,
Casa Asturiana,Malvern,5.91,$0.00,0.00%,$5.91,15.00%,,$39.40,∅,,
Cinque,Elsternwick,8.75,$0.00,0.00%,$8.75,25.00%,,$35.00,∅,,